{"cameraMode":{"drawMode":0,"name":"Shaded","section":"Shading Mode"},"sceneLighting":false,"audioPlay":false,"sceneViewState":{"m_AlwaysRefresh":false,"showFog":true,"showSkybox":false,"showFlares":true,"showImageEffects":true,"showParticleSystems":true,"showVisualEffectGraphs":true,"m_FxEnabled":true},"in2DMode":false,"pivot":{"x":2.1108579635620119,"y":14.877857208251954,"z":-6.526467323303223},"rotation":{"x":-0.18527880311012269,"y":0.32936832308769228,"z":-0.06608059257268906,"w":-0.9234894514083862},"size":2.6180756092071535,"orthographic":false}